,created_at,tweet
0,Sat May 02 19:55:34 +0000 2020,One of the all-time best songs https://t.co/IvI7IOgMAa
1,Sat May 02 08:00:08 +0000 2020,RT @SpaceX: Crew Dragon at the Cape undergoing final preparations ahead of first flight to the @Space_Station with @NASA astronauts onboard‚Ä¶
2,Fri May 01 16:17:43 +0000 2020,My gf @Grimezsz is mad at me
3,Fri May 01 16:14:14 +0000 2020,Just one stipulation on sale: I own Gene Wilder‚Äôs old house. It cannot be torn down or lose any its soul.
4,Fri May 01 16:08:57 +0000 2020,"Rage, rage against the dying of the light of consciousness"
5,Fri May 01 15:30:38 +0000 2020,O'er the land of the free and the home of the brave?
6,Fri May 01 15:29:47 +0000 2020,"Oh, say does that star-spangled banner yet wave"
7,Fri May 01 15:28:08 +0000 2020,Gave proof through the night that our flag was still there
8,Fri May 01 15:26:46 +0000 2020,"And the rocket's red glare, 
the bombs bursting in air"
9,Fri May 01 15:15:13 +0000 2020,Now give people back their FREEDOM
10,Fri May 01 15:11:26 +0000 2020,Tesla stock price is too high imo
11,Fri May 01 15:10:24 +0000 2020,I am selling almost all physical possessions. Will own no house.
12,Fri May 01 14:18:00 +0000 2020,RT @JimBridenstine: Why our Launch of the @NASA &amp; @SpaceX Demo-2 Mission to the @Space_Station  is Essential: https://t.co/HPjWTsB7xy https‚Ä¶
13,Thu Apr 30 20:36:24 +0000 2020,"RT @vincent13031925: Tesla Reached 1,000 Solar Roof Production In A Single Week, Exceeding 4MW https://t.co/hW5WPdv6np"
14,Thu Apr 30 18:25:56 +0000 2020,This is misleading to the public
15,Thu Apr 30 17:54:59 +0000 2020,Classifying all deaths as corona even if corona didn‚Äôt cause the death is simply a lie https://t.co/R1sgzcFS46
16,Thu Apr 30 17:16:41 +0000 2020,"RT @AdamDraper: Both @pmarca and @elonmusk have said we should go build/get back to work and have been met with harsh criticism. 

I‚Äôm with‚Ä¶"
17,Thu Apr 30 17:11:14 +0000 2020,"RT @SpaceX: Last year, NASA announced Starship as eligible for the Commercial Lunar Payload Services (CLPS) initiative ‚Äì to deliver payload‚Ä¶"
18,Thu Apr 30 17:11:10 +0000 2020,RT @SpaceX: SpaceX has been selected to develop a lunar optimized Starship to transport crew between lunar orbit and the surface of the Moo‚Ä¶
19,Thu Apr 30 14:56:31 +0000 2020,"RT @elonmusk: @RationalEtienne Yes, reopen with care &amp; appropriate protection, but don‚Äôt put everyone under de facto house arrest"
20,Thu Apr 30 14:39:36 +0000 2020,Why forced isolation is bad https://t.co/c2XCcRSx1C
21,Thu Apr 30 14:35:05 +0000 2020,"RT @Jason: Provided the hospital system is not overwhelmed, @elonmusk is 100% correct that people should be able to make their down decisio‚Ä¶"
22,Thu Apr 30 02:58:14 +0000 2020,California HHS server crashed. Maybe it has covid. https://t.co/eGkdPmBpAK
23,Thu Apr 30 02:05:19 +0000 2020,Actual data reference CHHS https://t.co/q7c7708ozx
24,Thu Apr 30 02:02:52 +0000 2020,Hospitals in California have been half empty this whole time https://t.co/8GL2BLypqV
25,Thu Apr 30 01:03:00 +0000 2020,RT @Lebeaucarnews: $TSLA CEO @elonmusk blasts shelter in place orders: ‚ÄúTo say that they cannot leave their house and they will be arrested‚Ä¶
26,Wed Apr 29 06:14:53 +0000 2020,FREE AMERICA NOW
27,Wed Apr 29 06:08:29 +0000 2020,Bravo Texas! https://t.co/cVkDewRqGv
28,Wed Apr 29 06:03:52 +0000 2020,Give people their freedom back! https://t.co/iG8OYGaVZ0
29,Mon Apr 27 23:54:39 +0000 2020,Too much the moral arbiter of the world
30,Mon Apr 27 23:54:13 +0000 2020,Silicon Valley has become Sanctimonious Valley
31,Mon Apr 27 04:44:34 +0000 2020,SN4 passed cryo proof! üòÖ https://t.co/EJakThZRGF
32,Mon Apr 27 03:50:33 +0000 2020,Snowing in Texas https://t.co/0LKwIpnoPB
33,Mon Apr 27 03:50:14 +0000 2020,"RT @NASA: Airplanes fly about 600 mph, but the @Space_Station orbits Earth at 17,500 mph &amp; looks like a very bright star moving across the‚Ä¶"
34,Mon Apr 27 03:00:41 +0000 2020,Cryo test underway
35,Sun Apr 26 22:42:05 +0000 2020,Interesting ‚Ä¶ https://t.co/z8sqqPt48q
36,Sun Apr 26 19:38:22 +0000 2020,"Docs make good points 
https://t.co/WeXuZpMghY"
37,Sun Apr 26 15:27:11 +0000 2020,Aiming for cryo pressure test tonight
38,Sun Apr 26 15:21:04 +0000 2020,SN4 passed ambient pressure test https://t.co/XW55rh6nX7
39,Sat Apr 25 11:50:25 +0000 2020,So often true ü§£ü§£ https://t.co/qxmDtZ4Buf
40,Fri Apr 24 23:55:15 +0000 2020,Mythic Quest is ü§£ü§£ MTTD
41,Fri Apr 24 22:28:54 +0000 2020,"RT @thirdrowtesla: Starting today Teslas in the US can automatically stop for traffic lights and stop signs.üö¶üõë

Just say where you want to‚Ä¶"
42,Fri Apr 24 21:17:11 +0000 2020,Great questions from Hack Club! https://t.co/vRgaeErdvl
43,Fri Apr 24 18:10:53 +0000 2020,"The Machine Stops
https://t.co/zFWfR7IEcT"
44,Fri Apr 24 00:30:31 +0000 2020,Welcome @hiromichimizuno to the Tesla board! Honored to have you.
45,Thu Apr 23 18:58:59 +0000 2020,Starship SN4 tank on test stand https://t.co/zN2OmMp1OS
46,Thu Apr 23 18:39:49 +0000 2020,Silver lining is that mortality rate is much lower than predicted &amp; herd immunity much higher. Good news. https://t.co/brlQk5XDBf
47,Thu Apr 23 08:31:20 +0000 2020,"RT @Teslarati: Tesla Model S and Model X get free acceleration and endurance boost in new update
https://t.co/MsYXu4IMuW https://t.co/m5dlQ‚Ä¶"
48,Thu Apr 23 00:07:29 +0000 2020,"In advance of this, please try to hack Starlink &amp; Tesla Mothership! https://t.co/msdv8Dq2BN"
49,Wed Apr 22 22:15:10 +0000 2020,There are now 420 operational Starlink satellites üõ∞ üòâ
50,Wed Apr 22 21:05:54 +0000 2020,"RT @SpaceX: Starlink will deliver high speed broadband internet to locations where access has been unreliable, expensive, or completely una‚Ä¶"
51,Wed Apr 22 20:59:54 +0000 2020,RT @SpaceX: Successful deployment of 60 Starlink satellites confirmed https://t.co/h3e6QmKRue
52,Wed Apr 22 19:27:37 +0000 2020,RT @SpaceX: Watch Falcon 9 launch 60 Starlink satellites ‚Üí https://t.co/gtC39uBC7z  https://t.co/islIJwNrL1
53,Wed Apr 22 14:50:48 +0000 2020,"RT @SpaceX: New T-0 of 3:30 p.m. EDT, 19:30 UTC, for today‚Äôs launch of Starlink"
54,Wed Apr 22 14:45:10 +0000 2020,RT @SpaceX: Happy Earth Day! https://t.co/wvFit5hIq3
55,Tue Apr 21 00:23:44 +0000 2020,"RT @NASA: On May 1, we're previewing the return of human spaceflight to U.S. soil. üá∫üá∏ Hear from @JimBridenstine, @SpaceX and NASA managers‚Ä¶"
56,Sun Apr 19 01:03:40 +0000 2020,Best political platform ever https://t.co/CRbNFdQj4B
57,Sat Apr 18 03:02:28 +0000 2020,Orbital human spaceflight returns to the Cape in six weeks! https://t.co/pH52N1KyoX
58,Fri Apr 17 21:43:56 +0000 2020,"RT @Commercial_Crew: Human spaceflight is returning to America! üá∫üá∏üöÄ

On May 27, @NASA astronauts @AstroBehnken and @Astro_Doug will launch‚Ä¶"
59,Fri Apr 17 17:54:52 +0000 2020,"Good progress, but 18 years to launch our first humans is a long time. Technology must advance faster or there will‚Ä¶ https://t.co/kHYxNmevD4"
60,Thu Apr 16 17:56:33 +0000 2020,"These were based on direct requests from their ICU wards, with exact specifications of each unit provided before shipment"
61,Thu Apr 16 17:54:18 +0000 2020,Partial list of hospitals to which Tesla sent ventilators https://t.co/sfI6yuUbrM
62,Thu Apr 16 07:50:51 +0000 2020,‚ÄúDr. Levitan advocates combining breathing support from a CPAP machine or regular oxygen with comfortable positioning‚Äù. Yup.
63,Thu Apr 16 07:44:36 +0000 2020,‚ÄúDon‚Äôt jump to intubation.‚Äù ‚Äî Dr Caputo https://t.co/LtpsVqoZVf
64,Wed Apr 15 00:02:29 +0000 2020,"To be clear, Fremont &amp; Shanghai will also be upgraded over time, but it‚Äôs hard to retrofit these improvements to an operating paint shop"
65,Tue Apr 14 23:59:35 +0000 2020,Initial production at Giga Berlin is Model Y
66,Tue Apr 14 23:56:31 +0000 2020,"Giga Berlin will have world‚Äôs most advanced paint shop, with more layers of stunning colors that subtly change with curvature"
67,Mon Apr 13 01:38:11 +0000 2020,"While others party, he study the blade https://t.co/FBxEdIJ78M"
68,Sun Apr 12 22:47:18 +0000 2020,"Happy Easter!
Follow the üêá"
69,Sun Apr 12 05:26:40 +0000 2020,Turns out that gun is for the toilet paper https://t.co/C1aAy0YZRi
70,Fri Apr 10 19:40:20 +0000 2020,RT @engineers_feed: Car suspension test https://t.co/p9TKtEpTZy
71,Fri Apr 10 07:39:10 +0000 2020,But actually https://t.co/jlowaHobXO
72,Thu Apr 09 09:19:06 +0000 2020,"RT @Tesla: Tesla wins 5/6 Kelley Blue Book awards

üèÜ Best Overall
üèÜ Best Value
üèÜ Most Refined
üèÜ Best Performance
üèÜ Best Styling"
73,Wed Apr 08 22:18:50 +0000 2020,What is simple in one arena is often profound in another
74,Wed Apr 08 20:56:19 +0000 2020,Great differences in technology exist in the world about which even hardcore technologists are unaware
75,Wed Apr 08 19:51:08 +0000 2020,"RT @SpaceX: Four years ago today, Falcon 9 landed on the Of Course I Still Love You droneship for the first time. Additional Falcon landing‚Ä¶"
76,Tue Apr 07 20:45:47 +0000 2020,The 20th &amp; final Dragon 1 mission is complete https://t.co/TyLLHA58Bw
77,Tue Apr 07 20:44:23 +0000 2020,"RT @NASA: We‚Äôre about to release a #Dragon into space.

Tune in live at 8:45am ET to see a @SpaceX spacecraft packed with cargo and @ISS_Re‚Ä¶"
78,Tue Apr 07 01:21:18 +0000 2020,Here you go https://t.co/hjIs5fbBoy https://t.co/aVnwR0loX9
79,Mon Apr 06 07:00:34 +0000 2020,Starship fuel header tank https://t.co/CVj8057CY6
80,Mon Apr 06 02:58:56 +0000 2020,Music is a limbic resonator
81,Sun Apr 05 23:41:16 +0000 2020,RT @Tesla: Engineering update on the Tesla ventilator
82,Sun Apr 05 07:49:54 +0000 2020,So proud https://t.co/Me5HirnJ6N
83,Sun Apr 05 07:30:58 +0000 2020,Raptors https://t.co/oycjgNI8HE
84,Sun Apr 05 07:02:27 +0000 2020,We‚Äôre adding this here catchy tune to the music maker in the Tesla!
85,Sat Apr 04 20:27:23 +0000 2020,RT @Medtronic: #MDTisMobilizing with @elonmusk. Our collaboration with @Tesla / SpaceX is bearing fruit. @SpaceX is now making a vital comp‚Ä¶
86,Sat Apr 04 17:42:13 +0000 2020,"Press any key to continue
https://t.co/gFnlYoUGdy"
87,Sat Apr 04 11:28:36 +0000 2020,u r o k
88,Fri Apr 03 00:15:15 +0000 2020,"RT @JimBridenstine: The worm is back! When the @SpaceX Falcon 9 lifts off carrying @NASA_Astronauts aboard #CrewDragon, it will sport the i‚Ä¶"
89,Tue Mar 31 15:27:02 +0000 2020,We have extra FDA-approved ventilators. Will ship to hospitals worldwide within Tesla delivery regions. Device &amp; sh‚Ä¶ https://t.co/34PQmddogo
90,Mon Mar 30 18:31:17 +0000 2020,https://t.co/bvh1TL12l6
91,Mon Mar 30 18:27:28 +0000 2020,Now on launch stand https://t.co/Yb5WIEjAkj
92,Mon Mar 30 18:17:00 +0000 2020,"Hello from the Inside
https://t.co/SV3fWL3bkp"
93,Mon Mar 30 17:53:30 +0000 2020,Logarithm graphs coming soon https://t.co/Fc81TDSQgc
94,Fri Mar 27 22:51:10 +0000 2020,"Would be great to combine blood donations with a C19 antibody test, so you know if you‚Äôre immune. Refill blood bank‚Ä¶ https://t.co/8P5v4fsxCD"
95,Thu Mar 26 22:04:57 +0000 2020,RT @thirdrowtesla: The next Autopilot update will stop for red lights and stop signs automatically. https://t.co/JddyJ363Ub
96,Thu Mar 26 21:04:47 +0000 2020,"RT @AlexBerenson: 5/ One last point here: Ferguson gives the lockdown credit, which is *interesting* - the UK only began ita lockdown 2 day‚Ä¶"
97,Thu Mar 26 21:04:43 +0000 2020,RT @AlexBerenson: 4/ Ferguson now predicts that the epidemic in the U.K. will peak and subside within ‚Äútwo to three weeks‚Äù - last week‚Äôs pa‚Ä¶
98,Thu Mar 26 21:04:35 +0000 2020,"RT @AlexBerenson: 3/ Essentially, what has happened is that estimates of the viruses transmissibility have increased - which implies that m‚Ä¶"
99,Thu Mar 26 21:04:22 +0000 2020,"RT @AlexBerenson: 2/ He now says both that the U.K. should have enough ICU beds and that the coronavirus will probably kill under 20,000 pe‚Ä¶"
100,Thu Mar 26 21:02:20 +0000 2020,"RT @AlexBerenson: 1/ This is a remarkable turn from Neil Ferguson, who led the @imperialcollege authors who warned of 500,000 UK deaths - a‚Ä¶"
101,Thu Mar 26 07:56:59 +0000 2020,https://t.co/lzh1uj8QCy
102,Thu Mar 26 07:12:50 +0000 2020,SN3 https://t.co/bM1wzzd4Zg
103,Tue Mar 24 18:42:18 +0000 2020,This meme proves it https://t.co/3CHAzxv6dj
104,Tue Mar 24 18:35:36 +0000 2020,It‚Äôs ducked!
105,Tue Mar 24 18:33:41 +0000 2020,.@Apple pls fix awetoekreqt
106,Sat Mar 21 20:26:30 +0000 2020,RT @Medtronic: Addressing #COVID19 is a group effort. We are grateful for the discussion with @ElonMusk and @Tesla as we work across indust‚Ä¶
107,Sat Mar 21 18:22:39 +0000 2020,Just had a long engineering discussion with Medtronic about state-of-the-art ventilators. Very impressive team!
108,Thu Mar 19 21:34:04 +0000 2020,No new domestic corona cases in China https://t.co/lGmxRvMyFy
109,Wed Mar 18 23:13:02 +0000 2020,RT @SpaceX: SpaceX and @NASA are targeting no earlier than mid-to-late May for Crew Dragon‚Äôs launch with two @NASA_Astronauts on board http‚Ä¶
110,Wed Mar 18 14:26:11 +0000 2020,"RT @WorldAndScience: Curiosity Mars Rover snaps an absolutely gorgeous 1.8 billion-pixel panorama!

Credit: NASA/JPL-Caltech/MSSS https://t‚Ä¶"
111,Wed Mar 18 14:24:22 +0000 2020,RT @SpaceX: Successful deployment of 60 Starlink satellites confirmed https://t.co/GZq8sUQ2TP
112,Wed Mar 18 12:00:20 +0000 2020,"RT @SpaceX: Falcon 9, Starlink satellites and weather are go for launch. T-30 minutes until liftoff ‚Üí ¬†https://t.co/gtC39uBC7z"
113,Wed Mar 18 05:07:45 +0000 2020,Because polygon doesn‚Äôt rhyme
114,Wed Mar 18 04:52:13 +0000 2020,Abysmal autocorrect might be the #1 reason people don‚Äôt fear AI
115,Wed Mar 18 04:27:44 +0000 2020,Fear the memesphere
116,Tue Mar 17 04:50:11 +0000 2020,"Hydroxychloroquine probably better
https://t.co/FWn2kh1LZx https://t.co/wQODHiFeWT"
117,Tue Mar 17 03:34:13 +0000 2020,"That said, danger of panic still far exceeds danger of corona imo. If we over-allocate medical resources to corona,‚Ä¶ https://t.co/jFsql5KuPu"
118,Tue Mar 17 03:27:14 +0000 2020,This paper matches what I‚Äôm hearing from a lot of smart people https://t.co/vul3xORsgq
119,Mon Mar 16 23:37:18 +0000 2020,"RT @SpaceX: Targeting Wednesday, March 18 at 8:16 a.m. EDT, 12:16 UTC, for Falcon 9's launch of Starlink from LC-39A in Florida"
120,Mon Mar 16 20:31:48 +0000 2020,Maybe worth considering chloroquine for C19 https://t.co/LEYob7Jofr
121,Mon Mar 16 17:53:02 +0000 2020,"RT @Tesla: Model Y deliveries begin!

https://t.co/ZhuiM5MTOf https://t.co/3gX6MBPmhp"
122,Sun Mar 15 03:33:30 +0000 2020,Fear is the mind-killer
123,Sat Mar 14 16:40:43 +0000 2020,RT @SpaceX: Falcon 9‚Äôs first stage supporting this mission has flown to orbit four times https://t.co/bICKcH9h7y
124,Sat Mar 14 16:40:39 +0000 2020,"RT @SpaceX: Static fire test of Falcon 9 complete‚Äîtargeting Sunday, March 15 at 9:22 a.m. EDT, 13:22 UTC, for launch of 60 Starlink satelli‚Ä¶"
125,Wed Mar 11 18:41:24 +0000 2020,We should be excited about the future &amp; striving to go beyond the horizon!
126,Wed Mar 11 18:32:21 +0000 2020,Wacktivism!
127,Wed Mar 11 18:32:00 +0000 2020,And so annoying
128,Wed Mar 11 18:31:05 +0000 2020,"Moral condemnation used not for morality, but as a weapon for manipulation is messed up"
129,Wed Mar 11 16:57:51 +0000 2020,Moon too
130,Wed Mar 11 15:39:53 +0000 2020,The people have spoken!
131,Wed Mar 11 15:32:06 +0000 2020,https://t.co/IXSO7Ko4z7
132,Wed Mar 11 04:26:02 +0000 2020,"To those who quietly help advance the causes we mutually believe in, knowing advancing the cause is the only reward: thank you"
133,Wed Mar 11 00:21:10 +0000 2020,"RT @vincent13031925: Tesla Topped 1st Place üèÜü•á in Consumer Reports Owner Satisfaction Survey üëèüèªüëèüèªüëèüèª

$TSLA #Tesla 
@elonmusk @Tesla
https:/‚Ä¶"
134,Wed Mar 11 00:14:21 +0000 2020,Model Y production for east coast too
135,Wed Mar 11 00:12:04 +0000 2020,Scouting locations for Cybertruck Gigafactory. Will be central USA.
136,Tue Mar 10 05:53:48 +0000 2020,With an epic sound system &amp; woofers the size of a car
137,Tue Mar 10 04:49:56 +0000 2020,Tesla should have a mega rave cave under the Berlin Gigafatory
138,Tue Mar 10 04:26:25 +0000 2020,Was good maybe 5 or 6 years ago when you could wonder around &amp; find great unknown bands
139,Tue Mar 10 04:22:13 +0000 2020,Too much corporate sponsorship killed the vibe
140,Tue Mar 10 04:14:13 +0000 2020,Coachella should postpone itself until it stops sucking
141,Tue Mar 10 02:32:21 +0000 2020,"Congratulations Tesla team on making our 1,000,000th car!! https://t.co/5M99a9LLQi"
142,Sat Mar 07 09:01:24 +0000 2020,Accurate https://t.co/IskXipRvdf
143,Sat Mar 07 05:07:47 +0000 2020,Envelope expanded https://t.co/WIuWUTAAnh
144,Sat Mar 07 04:47:05 +0000 2020,RT @SpaceX: Webcast of Falcon 9 launch now live ‚Üí https://t.co/gtC39uBC7z https://t.co/71JYsrUycu
145,Sat Mar 07 02:28:58 +0000 2020,Rocket will land in highest winds ever at Cape Canaveral tonight. This is intentional envelope expansion.
146,Sat Mar 07 02:25:13 +0000 2020,Final Dragon Version 1 mission tonight https://t.co/usYursGqPk
147,Fri Mar 06 20:42:39 +0000 2020,The coronavirus panic is dumb
148,Thu Mar 05 21:00:57 +0000 2020,RT @Tesla: Art of the Roof
149,Wed Mar 04 20:40:11 +0000 2020,RT @Tesla: Model 3 recently earned the 2020 IIHS Top Safety Pick+ Award. Winning cars are selected on their ability to protect people insid‚Ä¶
150,Wed Mar 04 03:00:39 +0000 2020,"RT @Teslarati: Tesla rolls out ""range update"" for Model S, Model X display to reflect improved efficiency. Model X shows a whopping 354 mil‚Ä¶"
151,Tue Mar 03 11:24:32 +0000 2020,Mad respect for the makers of things
152,Tue Mar 03 10:43:37 +0000 2020,Bernie‚Äôs tax rate is 0.2% too high! https://t.co/ESAqAYl9xB
153,Tue Mar 03 08:55:46 +0000 2020,Sleeving SN2 dome in the high bay https://t.co/zdRuOgd8xz
154,Tue Mar 03 08:49:26 +0000 2020,They have the best coin
155,Tue Mar 03 08:46:53 +0000 2020,Dogs rock https://t.co/vLJGyZo5Sx
156,Tue Mar 03 02:45:45 +0000 2020,‚úåÔ∏è bro https://t.co/nJ7CUyhr2j
157,Tue Mar 03 01:21:14 +0000 2020,Just want say that I support @Jack as Twitter CEO. He has a good ‚ù§Ô∏è.
158,Mon Mar 02 16:49:16 +0000 2020,RT @WIRED: Your Cybertruck is here. It's just ... a toy. The Hot Wheels Tesla Cybertruck goes 25 miles per hour and accelerates like a demo‚Ä¶
159,Mon Mar 02 08:59:46 +0000 2020,https://t.co/Yt0zkj1R5j
160,Mon Mar 02 08:38:59 +0000 2020,Where‚Äôs Flextape when you need it!?
161,Mon Mar 02 08:33:45 +0000 2020,"It‚Äôs fine, we‚Äôll just buff it out"
162,Mon Mar 02 08:32:15 +0000 2020,So ‚Ä¶ how was your night? https://t.co/tbJDYIQjXd
163,Sat Feb 29 00:57:17 +0000 2020,"RT @SpaceX: Falcon Heavy will launch @NASAPsyche! The mission, for which @NASA requires the highest level of launch vehicle reliability, wi‚Ä¶"
164,Tue Feb 25 22:49:30 +0000 2020,SN2 tank integration starts this week with much less circumferential pucker. Thanks Fronius!
165,Tue Feb 25 22:47:31 +0000 2020,Starship SN1 tank preparing for Raptor attachment &amp; static fire https://t.co/jx0ijLrxWx
166,Tue Feb 25 20:28:10 +0000 2020,And that‚Äôs why cones were invented https://t.co/7YKfEIGvPq
167,Tue Feb 25 20:10:27 +0000 2020,Tinny https://t.co/N1p5qZvx0D
168,Tue Feb 25 09:24:08 +0000 2020,Rococo is alive &amp; living in our hearts
169,Tue Feb 25 09:08:00 +0000 2020,Woody https://t.co/0Di88Eoz2C
170,Tue Feb 25 08:36:14 +0000 2020,Battle Angel Starship https://t.co/CL4rvBB8mb
171,Tue Feb 25 08:02:06 +0000 2020,On a wall in Austin https://t.co/yDBt2tUJij
172,Sat Feb 22 21:39:50 +0000 2020,Getting there was super hard. Very proud of Tesla team!
173,Sat Feb 22 21:30:22 +0000 2020,Model 3 achieves 350 mile actual range vs 310 EPA sticker in Consumer Reports testing https://t.co/5hqRhjP4bV
174,Fri Feb 21 11:16:44 +0000 2020,Science has gone too far https://t.co/Ky65Q3s3JX
175,Fri Feb 21 09:46:49 +0000 2020,üî≠ https://t.co/6HHgR0ZVp0
176,Thu Feb 20 20:18:48 +0000 2020,RT @Tesmanian_com: Tesla Model 3 Is Consumer Reports' Top EV Pick for 2020 https://t.co/4ZthC6qt88 https://t.co/AyIfI6CsNb
177,Thu Feb 20 10:29:23 +0000 2020,"High bay for stacking Starship engine bay, propellant tanks &amp; fairing (fka nosecone) sections is almost done! https://t.co/G9h0430ns2"
178,Thu Feb 20 00:51:55 +0000 2020,"Worth reading Asimov‚Äôs Foundation
https://t.co/OZfhcNNzyG"
179,Wed Feb 19 23:43:59 +0000 2020,Rocket nosecone production in Texas https://t.co/KLWewja9Gn
180,Mon Feb 17 16:58:11 +0000 2020,RT @SpaceX: Successful deployment of 60 Starlink satellites confirmed! https://t.co/bKBtI5UZEB
181,Mon Feb 17 16:58:05 +0000 2020,RT @SpaceX: Liftoff! https://t.co/vTMGhpgVIQ
182,Mon Feb 17 16:58:02 +0000 2020,RT @SpaceX: Crew Dragon completes acoustic testing in Florida https://t.co/SbvmEvZLeZ
183,Sun Feb 16 01:14:27 +0000 2020,Looking forward to international expansion later this year üòÄ
184,Sun Feb 16 01:12:59 +0000 2020,"Tesla is ramping up Solar Roof installation across the USA! Training will be provided, so no prior experience neede‚Ä¶ https://t.co/MRRXQJYub0"
185,Sun Feb 16 01:12:59 +0000 2020,"Tesla is ramping up Solar Roof installation across the USA! Training will be provided, so no prior experience neede‚Ä¶ https://t.co/MRRXQJYub0"
186,Sat Feb 15 04:48:32 +0000 2020,All S/X cars made in recent months have actually been above stated EPA range. Will be unlocked soon for free via software update.
187,Sat Feb 15 04:45:47 +0000 2020,Tesla Model S estimated EPA range is now above 390 miles or ~630 km https://t.co/sNFzIkuJpC
188,Sat Feb 15 04:35:09 +0000 2020,Run a physics sim long enough &amp; you‚Äôll get intelligence
189,Fri Feb 14 17:56:07 +0000 2020,Only the heart senses beauty
190,Thu Feb 13 20:45:40 +0000 2020,üíò be still my beating heart üíò https://t.co/Fnly6DNLIC
191,Wed Feb 12 23:25:47 +0000 2020,RT @SpaceX: SpaceX employees with Crew Dragon before it departed our Hawthorne factory for the launch site in Florida ‚Äì one step closer to‚Ä¶
192,Wed Feb 12 07:52:05 +0000 2020,Thanks Mom!!! ‚ù§Ô∏è @mayemusk https://t.co/eyMgV45ypT
193,Wed Feb 12 07:45:16 +0000 2020,And some vitamin k too
194,Wed Feb 12 07:02:46 +0000 2020,Ok u can have a little emerald ü§πüèª‚Äç‚ôÇÔ∏è https://t.co/3LzPe4aG4B
195,Mon Feb 10 17:53:21 +0000 2020,The degree to which SolarGlass will positively effect the esthetics &amp; energy sustainability of neighborhoods throug‚Ä¶ https://t.co/4VOlFa64RO
196,Mon Feb 10 17:49:05 +0000 2020,"Tesla April company talk will be from our Giga New York factory, where we make SolarGlass &amp; several other products.‚Ä¶ https://t.co/WDlJMJUvih"
197,Mon Feb 10 17:41:25 +0000 2020,Should preface this saying that feedback from early Tesla Solar roof owners has been v positive. It‚Äôs stunning vs a‚Ä¶ https://t.co/qIgvBtqltN
198,Mon Feb 10 17:25:09 +0000 2020,Please let us know what improvements we can make to any aspect of Tesla SolarGlass roof! Critical feedback is much appreciated.
199,Mon Feb 10 08:17:32 +0000 2020,Midsection of Starship propellant tanks https://t.co/Aa8yKPJEFS
200,Mon Feb 10 02:16:34 +0000 2020,Foundation by Asimov
201,Mon Feb 10 02:12:52 +0000 2020,"Mars is to Earth, as Terminus was to Trantor"
202,Sun Feb 09 22:33:26 +0000 2020,Hard to believe that is high efficiency solar power seamlessly integrated into beautiful roof tiles. Great work by‚Ä¶ https://t.co/QNdnAoRqTy
203,Sun Feb 09 22:30:56 +0000 2020,Order at https://t.co/byFVU5nF9W https://t.co/4lD1mVHKy6
204,Sun Feb 09 05:36:01 +0000 2020,Back in Boca https://t.co/RjiWpW28PT
205,Sat Feb 08 08:24:28 +0000 2020,"My Mom wrote a book ‚ô•Ô∏è
https://t.co/EV0FoGLuzf https://t.co/qQMYSBNxpv"
206,Sat Feb 08 08:00:00 +0000 2020,"feeling cute, might delete later https://t.co/TtDJcr9Qiq"
207,Fri Feb 07 02:34:19 +0000 2020,"SpaceX started with a mariachi band party. Great vibes here in Boca Chica, Texas! https://t.co/LMfaB9kCKh"
208,Thu Feb 06 19:03:25 +0000 2020,Late night tweets ‚Ä¶ sigh
209,Thu Feb 06 18:36:31 +0000 2020,New emoji! Last one comes with free phone hack. https://t.co/T3jjwZycog
210,Thu Feb 06 10:56:39 +0000 2020,"What if there was an AI programmed to want to pick as many strawberries as possible, and so it cultivated nothing b‚Ä¶ https://t.co/ZSxboadHml"
211,Thu Feb 06 09:35:31 +0000 2020,REALiTi made while u wait https://t.co/jWRPAEufs8
212,Thu Feb 06 09:15:22 +0000 2020,"All things in moderation, especially etymology"
213,Thu Feb 06 09:09:06 +0000 2020,Essentially all quotes can be ascribed to Churchill
214,Thu Feb 06 09:05:26 +0000 2020,"No matter how many times u get hangry, you always think ur anger is real ‚Äî Plato"
215,Thu Feb 06 07:55:15 +0000 2020,Guess he‚Äôs not left-handed https://t.co/RLlzOLqh8U
216,Wed Feb 05 22:00:04 +0000 2020,Putting that on my LinkedIn for sure
217,Wed Feb 05 21:59:10 +0000 2020,"8th hottest song on Soundcloud!!
https://t.co/5FJNJYc9kA https://t.co/PmoBYJL4in"
218,Wed Feb 05 20:03:01 +0000 2020,RT @SpaceX: Small satellite operators can now book their ride to orbit online ‚Üí https://t.co/jqQxEdt4xp
219,Wed Feb 05 17:31:22 +0000 2020,Please send your resume to BuildStarship@spacex.com if you‚Äôre coming to the Starship career day in Boca Chica tomorrow
220,Wed Feb 05 06:10:51 +0000 2020,Starship Concerto in Zero G https://t.co/gkn05I1bvZ
221,Wed Feb 05 05:23:16 +0000 2020,Giga Texas?
222,Tue Feb 04 09:28:18 +0000 2020,"This is mainly for staffing up 4 production shifts for 24/7 operations, but engineers, supervisors &amp; support person‚Ä¶ https://t.co/33J54FoitV"
223,Tue Feb 04 09:19:05 +0000 2020,"Starship career day at the Stargate building (Boca Chica Blvd, TX) this Thursday from 3pm to 9pm!"
224,Tue Feb 04 00:13:15 +0000 2020,Going max hardcore on design/production Starship here in Boca. It‚Äôs awesome! Feels a bit like a Mars simulator.
225,Mon Feb 03 21:50:28 +0000 2020,üî•üî•üî•
226,Mon Feb 03 05:34:13 +0000 2020,"Nothing medically dangerous, but 5g is getting a bit too greedy with their spectrum land grab https://t.co/1NlQCbeyE5"
227,Mon Feb 03 04:07:01 +0000 2020,"Our NN is initially in Python for rapid iteration, then converted to C++/C/raw metal driver code for speed (importa‚Ä¶ https://t.co/P1tr3GTozK"
228,Sun Feb 02 21:48:53 +0000 2020,Tesla will hold a super fun AI party/hackathon at my house with the Tesla AI/autopilot team in about four weeks. Invitations going out soon.
229,Sun Feb 02 19:23:27 +0000 2020,"We are (obviously) also looking for world-class chip designers to join our team, based in both Palo Alto &amp; Austin"
230,Sun Feb 02 19:20:42 +0000 2020,"Dojo, our training supercomputer, will be able to process vast amounts of video training data &amp; efficiently run hyp‚Ä¶ https://t.co/fT5RaEoRTN"
231,Sun Feb 02 19:14:33 +0000 2020,"Our custom 144 TOPS in-vehicle inference computer, where almost every TOP is useable &amp; optimized for NN, far exceed‚Ä¶ https://t.co/yz0MJORXPV"
232,Sun Feb 02 19:01:13 +0000 2020,Tesla will soon have over a million connected vehicles worldwide with sensors &amp; compute needed for full self-drivin‚Ä¶ https://t.co/D3Jt9pAx9S
233,Sun Feb 02 18:54:54 +0000 2020,"‚ÄúAt Tesla, using AI to solve self-driving isn‚Äôt just icing on the cake, it the cake‚Äù - @lexfridman 

Join AI at Tes‚Ä¶ https://t.co/jQkNAReWlb"
234,Sat Feb 01 00:17:58 +0000 2020,"Don‚Äôt Doubt ur Vibe now on Spotify
https://t.co/yyLgnF4d7q"
235,Fri Jan 31 18:22:34 +0000 2020,"RT @thirdrowtesla: With great pleasure, we bring to you @ElonMusk's Story Part 2!!! 

Thank you Elon for sharing with us. 

We can't wait t‚Ä¶"
236,Fri Jan 31 10:25:30 +0000 2020,https://t.co/LoVC2RYN72
237,Fri Jan 31 06:40:13 +0000 2020,Vibbbe https://t.co/21WKNOnMXZ
238,Fri Jan 31 06:30:34 +0000 2020,I wrote the lyrics &amp; performed the vocals!!
239,Fri Jan 31 06:29:08 +0000 2020,Be ‚Ä¶ cause ‚Ä¶ it‚Äôs ‚Ä¶ you
240,Fri Jan 31 06:22:50 +0000 2020,https://t.co/6lz3prQ2pF
241,Fri Jan 31 06:20:03 +0000 2020,"Don‚Äôt Doubt ur Vibe
https://t.co/5FJNJXUxW0"
242,Fri Jan 31 05:01:20 +0000 2020,üòÖ this song is hard
243,Fri Jan 31 04:36:54 +0000 2020,Hope you‚Äôre enjoying the simulation https://t.co/nj9JTJc4lL
244,Fri Jan 31 02:39:13 +0000 2020,Be ‚Ä¶ cause ‚Ä¶ it‚Äôs ‚Ä¶ true
245,Fri Jan 31 00:20:21 +0000 2020,Releasing soon on Emo G Records!
246,Thu Jan 30 20:41:37 +0000 2020,Just wrote a song called ‚ÄúDon‚Äôt doubt yer vibe‚Äù
247,Thu Jan 30 06:10:32 +0000 2020,"RT @Erdayastronaut: Veritical video might be a sin... so consider me a sinner üòà Is
 there such thing as too zoomed in? üòÇ here‚Äôs a preview o‚Ä¶"
248,Thu Jan 30 03:13:12 +0000 2020,üï∫
249,Wed Jan 29 19:08:09 +0000 2020,A friend just sent me this excerpt from a Tesla blog I wrote 14 years ago https://t.co/Hr8w52ithY
250,Wed Jan 29 15:10:35 +0000 2020,RT @SpaceX: Ms. Tree caught a fairing half ‚Äì our third successful catch! https://t.co/VJU8asg4gS
251,Wed Jan 29 15:10:27 +0000 2020,RT @SpaceX: Falcon 9‚Äôs first stage has landed on the Of Course I Still Love You droneship ‚Äì our 49th successful landing of an orbital class‚Ä¶
252,Wed Jan 29 15:10:20 +0000 2020,RT @SpaceX: Liftoff! https://t.co/rFRtJuTXFL
253,Wed Jan 29 03:51:38 +0000 2020,Liquid nitrogen cryogenic strength test underway ‚òÉÔ∏è https://t.co/qRPBLInqm0
254,Wed Jan 29 03:45:52 +0000 2020,ü™ë
255,Tue Jan 28 19:34:43 +0000 2020,Chairs are underappreciated
256,Tue Jan 28 05:30:00 +0000 2020,The stars in Starship‚Äôs mirrored hull reflected
257,Tue Jan 28 00:39:05 +0000 2020,"RT @NASA: Who says Dragons aren‚Äôt real? üî•üê≤

Capture the excitement of a rocket launch and apply to tour @NASAKennedy and witness the next @‚Ä¶"
258,Mon Jan 27 23:30:09 +0000 2020,Starship 9m test tank made 7.5 bar at room temp! Small leak at a weld doubler. Will be repaired &amp; retested at cryo. https://t.co/Bz3lrwkYRU
259,Mon Jan 27 14:32:10 +0000 2020,"RT @SpaceX: Standing down today due to strong upper level winds. Next launch opportunity is tomorrow at 9:28 a.m. EST, or 14:28 UTC."
260,Mon Jan 27 08:03:54 +0000 2020,"RT @SpaceX: Weather is 50% favorable for tomorrow‚Äôs launch of 60 Starlink satellites at 9:49 a.m. EST, 14:49 UTC. Webcast will go live ~15‚Ä¶"
261,Sat Jan 25 21:02:53 +0000 2020,"A Tesla works as a boat for short periods of time, as an electric car has no air intake or exhaust to block &amp; batte‚Ä¶ https://t.co/8ZPd8iQIPr"
262,Sat Jan 25 18:30:28 +0000 2020,Meme necromancy https://t.co/8aPtXju7gF
263,Fri Jan 24 02:54:47 +0000 2020,https://t.co/sGnhzoThtK
264,Wed Jan 22 07:15:20 +0000 2020,Want to play The Witcher game on your Tesla? (you can already watch the show on Tesla Netflix theater)
265,Wed Jan 22 05:45:08 +0000 2020,Improved Accommodations https://t.co/iRBK2yIfd7
266,Sun Jan 19 19:30:31 +0000 2020,"RT @SpaceX: Crew Dragon separating from Falcon 9 during today‚Äôs test, which verified the spacecraft‚Äôs ability to carry astronauts to safety‚Ä¶"
267,Sun Jan 19 18:39:37 +0000 2020,RT @SpaceX: Splashdown of Crew Dragon in the Atlantic Ocean! https://t.co/V1C2Xfd9Mk
268,Sun Jan 19 18:39:33 +0000 2020,RT @SpaceX: Dragon's main parachutes have been deployed https://t.co/SMLK62YXPP
269,Sun Jan 19 18:39:30 +0000 2020,RT @SpaceX: Dragon's drogue chutes deployed nominally https://t.co/vdzIjDmTO7
270,Sun Jan 19 18:39:26 +0000 2020,RT @SpaceX: Dragon‚Äôs trunk has deployed https://t.co/bxRPYGpJTx
271,Sun Jan 19 18:39:22 +0000 2020,RT @SpaceX: Dragon has separated from Falcon 9 and its SuperDraco engines have completed their burn https://t.co/tDhogz1qQ9
272,Sun Jan 19 18:39:19 +0000 2020,RT @SpaceX: Liftoff! https://t.co/Ak8lJ3igyW
273,Sun Jan 19 18:38:32 +0000 2020,"RT @NASA: Test complete! Today, @SpaceX completed its In-Flight Abort Test designed to show the #CrewDragon spacecraft‚Äôs capability to safe‚Ä¶"
274,Sun Jan 19 15:27:32 +0000 2020,"RT @NASA: Today‚Äôs @SpaceX In-Flight Abort test, which does not have @NASA_Astronauts onboard the spacecraft, is intended to demonstrate #Cr‚Ä¶"
275,Sun Jan 19 15:27:06 +0000 2020,"Dragon high altitude, supersonic abort test is a risky mission, as it‚Äôs pushing the envelope in so many ways"
276,Sun Jan 19 15:25:07 +0000 2020,RT @SpaceX: Watch live as SpaceX tests Crew Dragon‚Äôs in-flight launch escape capabilities  https://t.co/lcfz0LS8O9
277,Sun Jan 19 15:24:32 +0000 2020,5 mins from liftoff https://t.co/5CHzQBfXrr
278,Sun Jan 19 05:40:24 +0000 2020,RT @SpaceX: Standing down from today‚Äôs in-flight Crew Dragon launch escape test attempt due to sustained winds and rough seas in the recove‚Ä¶
279,Sat Jan 18 20:44:40 +0000 2020,RT @Commercial_Crew: .@NASA and @SpaceX are standing down from today‚Äôs #CrewDragon In-Flight Abort test due to poor splashdown and recovery‚Ä¶
280,Sat Jan 18 15:44:08 +0000 2020,https://t.co/MHokq4KVEc
281,Sat Jan 18 09:17:53 +0000 2020,Meteor!! https://t.co/PyXbRZR013
282,Sat Jan 18 02:36:13 +0000 2020,RT @SpaceX: Latest weather data suggests sustained winds and rough seas in the recovery area during the top of tomorrow‚Äôs four-hour launch‚Ä¶
283,Fri Jan 17 22:10:12 +0000 2020,Best place to view is from the beach. Excitement guaranteed! https://t.co/6XSiK5dWEn
284,Fri Jan 17 22:09:37 +0000 2020,"Dragon Spacecraft supersonic abort test coming up either tomorrow or Sunday, depending on weather @NASA @SpaceX"
285,Fri Jan 17 22:06:59 +0000 2020,RT @NASA: LIVE NOW: Hear from mission experts as they talk about @SpaceX's In-Flight Abort Test. The test will demonstrate #CrewDragon‚Äôs ab‚Ä¶
286,Fri Jan 17 21:30:05 +0000 2020,RT @arstechnica: SpaceX will shut down its rocket mid-flight to test Dragon‚Äôs escape system https://t.co/316e2oxTjP by @SciGuySpace
287,Fri Jan 17 09:13:15 +0000 2020,Hehehe https://t.co/bnlN7Vn6bl
288,Fri Jan 17 01:46:26 +0000 2020,Megatons per year to orbit are needed for life to become multiplanetary
289,Thu Jan 16 20:07:42 +0000 2020,RT @Teslarati: The Boring Company releases new images of Las Vegas project as tunnel nears 50% mark https://t.co/3ukxT2C0EE
290,Thu Jan 16 17:16:43 +0000 2020,"RT @NASA: Targeted for Sat., Jan. 18: the final major test before @NASA_Astronauts fly on the @SpaceX #CrewDragon. This @Commercial_Crew in‚Ä¶"
291,Thu Jan 16 09:35:55 +0000 2020,"Starship orbital vehicle SN1, liquid oxygen header tank &amp; nosecone https://t.co/IaSEdIyZgP"
292,Wed Jan 15 20:19:53 +0000 2020,RT @Commercial_Crew: .@SpaceX's uncrewed in-flight abort test is targeted for 8am ET on Jan. 18. This test will show that the #CrewDragon c‚Ä¶
293,Tue Jan 14 18:23:23 +0000 2020,Great song https://t.co/Zojlie0GG7
294,Tue Jan 14 17:59:16 +0000 2020,"T-shirt is bulletproof &amp; makes u buff!
https://t.co/wO0oAakclu https://t.co/8k1WvVO1sm"
295,Sun Jan 12 08:30:15 +0000 2020,.@Space_Station https://t.co/1qD2qn0waJ
296,Sun Jan 12 08:27:01 +0000 2020,"RT @yousuck2020: [WANTED!!!] 
Why not be the ‚Äòfirst woman‚Äô to travel to the moon?
#MZ_looking_for_love 
https://t.co/R5VEMXwggl https://t.c‚Ä¶"
297,Sun Jan 12 03:24:43 +0000 2020,"And, of course, your car will be able to üí® in their general direction"
298,Sun Jan 12 03:20:41 +0000 2020,Teslas will soon talk to people if you want. This is real. https://t.co/8AJdERX5qa
299,Sat Jan 11 23:55:38 +0000 2020,Critical test launch before flying astronauts is green for Jan 18 https://t.co/r4mcuCfCil
300,Sat Jan 11 15:30:02 +0000 2020,We are trapped in a prison of fonts
301,Fri Jan 10 09:57:08 +0000 2020,üé∂ Toss a coin to ur Witcher üé∂
302,Fri Jan 10 07:19:46 +0000 2020,Phony https://t.co/w9nyOAxQus
303,Fri Jan 10 06:53:10 +0000 2020,Bitcoin is *not* my safe word
304,Thu Jan 09 10:04:44 +0000 2020,I put the art in fart
305,Wed Jan 08 17:05:30 +0000 2020,"‚ô•Ô∏è‚ô•Ô∏è Tesla China Team ‚ô•Ô∏è‚ô•Ô∏è
     Such amazing progress!!"
306,Tue Jan 07 09:47:04 +0000 2020,At Tesla Giga Shanghai NSFW!! https://t.co/1yrPyzJQGZ
307,Tue Jan 07 09:37:34 +0000 2020,cgi irl https://t.co/lKI3MP81oi
308,Tue Jan 07 09:37:17 +0000 2020,RT @SpaceX: Falcon 9 first stage has landed on the Of Course I Still Love You droneship ‚Äì SpaceX‚Äôs 48th successful landing of an orbital cl‚Ä¶
309,Sun Jan 05 00:35:42 +0000 2020,Wikigenius https://t.co/P0jM14hGrc
310,Wed Jan 01 06:50:06 +0000 2020,Congratulations Tesla &amp; SpaceX on great 2019! You rock!! Looking forward to epic 2020 ‚ô•Ô∏èüöÄüõ∞üöò‚òÄÔ∏è
311,Wed Jan 01 06:33:47 +0000 2020,No one suspected his disguise https://t.co/yHl4MDrjtn
312,Wed Jan 01 05:32:58 +0000 2020,Carlos Gone
313,Tue Dec 31 19:23:25 +0000 2019,"RT @Teslarati: Tesla Model S gets another 'Car of the Decade' Award: 'Nothing Else Comes Close'
https://t.co/m26soDUp0J"
314,Mon Dec 30 23:27:10 +0000 2019,Rest in peace Syd Mead. Your art will endure.
315,Mon Dec 30 09:18:31 +0000 2019,Barrel on dome https://t.co/kpSIJphbnk
